文字数,ジャンル,難易度,言葉,鍵
2,雑学,中,つき,夜空に浮かぶ地球の衛星
2,雑学,中,ほし,夜空に輝く天体の総称
2,雑学,中,うみ,地球の表面の7割を占める塩水
2,雑学,中,やま,地面が高く盛り上がった地形
2,雑学,中,かわ,山から海へ流れる水の道
2,雑学,中,くも,空に浮かぶ水滴や氷の集まり
2,雑学,中,あめ,空から水滴が降り注ぐ。農作物には恵み、出かけるには傘が必要
2,雑学,中,ゆき,空からひらひら舞い降りる白い結晶。積もれば雪だるまも作れる
2,雑学,中,かぜ,空気が動く自然現象
2,雑学,中,にじ,雨上がりに見える7色の光の帯
2,雑学,中,はな,おいしそうな匂いを嗅ぎ分ける場所。一番高くて、メガネが乗っかる場所
2,雑学,中,くさ,背の低い植物の総称
2,雑学,中,とり,空を飛ぶ羽と翼を持つ動物
2,雑学,中,むし,6本の脚を持つ小さな生き物
2,雑学,中,いぬ,人間の最も古い友と言われるペット
2,雑学,中,ねこ,ニャーと鳴く愛らしいペット
2,雑学,中,うし,乳や肉を人間に提供する家畜
2,雑学,中,うま,人を乗せて走る大きな動物
2,雑学,中,ぶた,ピンク色の体でブーと鳴く動物
2,雑学,中,とら,黄色と黒の縞模様を持つ猛獣
2,雑学,中,ぞう,長い鼻を持つ世界最大の陸上動物
2,雑学,中,さる,木登りが得意で人間に似た動物
2,雑学,中,かめ,固い甲羅を持つ長生きな動物
2,雑学,中,へび,手足がなく地面を這う爬虫類
2,雑学,中,はち,末広がりで縁起が良いとされる、漢数字の「八」に似た形
3,雑学,中,ひつじ,モコモコの毛を持つ動物
4,雑学,中,たいよう,太陽系の中心にある恒星
4,雑学,中,ちきゆう,私たちが住んでいる惑星
2,雑学,中,ほん,文字や絵が書かれた読み物
3,雑学,中,すいか,夏の果物の代表格で縞模様が特徴
3,雑学,中,さかな,水中で鰓呼吸する生き物
3,雑学,中,かえる,水辺に住みゲコゲコと鳴く両生類
3,雑学,中,ちよう,美しい羽を持ち花の蜜を吸う昆虫
3,雑学,中,りんご,赤くて丸い人気の果物
3,雑学,中,ばなな,黄色い皮を剥いて食べる果物
3,雑学,中,ぶどう,房になって実る紫色の果物
3,雑学,中,めろん,網目模様の高級な果物
3,雑学,中,いちご,赤い粒々のある甘酸っぱい果物
3,雑学,中,とけい,時間を知らせる道具
4,雑学,中,えんぴつ,木と芯でできた筆記用具
4,雑学,中,けしごむ,鉛筆の字を消す道具
3,雑学,中,のーと,勉強や記録に使う冊子
3,雑学,中,かばん,荷物を入れて持ち運ぶ袋
3,雑学,中,めがね,目にかけて視力を補う道具
4,雑学,中,くつした,足に履く布製品
3,雑学,中,ぼうし,頭にかぶるもの
4,雑学,中,てぶくろ,手を寒さから守るもの
2,雑学,中,かさ,雨や日差しを防ぐ道具
5,雑学,中,せんぷうき,風を送る電化製品
3,雑学,中,さくら,春に咲く日本を代表する花
4,雑学,中,ひまわり,太陽に向かって咲く大きな黄色い花
4,雑学,中,こすもす,秋に咲くピンクや白の可憐な花
4,雑学,中,たんぽぽ,綿毛を飛ばす黄色い花
4,雑学,中,あさがお,朝に咲く青や紫の花
6,雑学,中,ちゆーりつぷ,春に咲く色鮮やかな球根の花
2,雑学,中,ばら,とげのある美しい花の女王
2,雑学,中,きく,秋の代表的な花
4,雑学,中,あじさい,梅雨時に咲く青や紫の花
3,雑学,中,すみれ,小さくて可憐な紫色の花
4,雑学,中,ぺんぎん,南極に住む飛べない鳥
4,雑学,中,らいおん,百獣の王と呼ばれる動物
3,雑学,中,きりん,首が長く斑点模様の動物
3,雑学,中,ぱんだ,白黒模様の中国の動物
3,雑学,中,こあら,ユーカリを食べるオーストラリアの動物
5,雑学,中,かんがるー,お腹に袋を持つジャンプが得意な動物
4,雑学,中,しまうま,白黒の縞模様を持つ馬の仲間
2,雑学,中,さい,大きな角を持つ重い動物
2,雑学,中,かば,水辺に住む口が大きな動物
2,雑学,中,わに,水辺に住む鋭い歯を持つ爬虫類
3,雑学,中,ごりら,力持ちで胸を叩く大型類人猿
7,雑学,中,おらんうーたん,赤茶色の毛を持つ類人猿
2,雑学,中,りす,木の実を食べるふわふわの尾の小動物
3,雑学,中,うさぎ,長い耳を持つピョンピョン跳ねる動物
5,雑学,中,はむすたー,頬袋に餌を詰めるペット
3,雑学,中,もぐら,地中にトンネルを掘る動物
4,雑学,中,こうもり,夜に飛ぶ哺乳類
3,雑学,中,いるか,海に住む賢い哺乳類
3,雑学,中,くじら,海で最も大きな哺乳類
3,雑学,中,らつこ,貝を石で割って食べる海の動物
4,雑学,中,さつかー,11人でボールを蹴るスポーツ
4,雑学,中,やきゆう,バットとボールを使う日本の人気スポーツ
5,雑学,中,ばすけつと,ボールをゴールに入れる背の高い人向けスポーツ
6,雑学,中,ばれーぼーる,ネット越しにボールを打ち合うスポーツ
3,雑学,中,てにす,ラケットでボールを打ち合うスポーツ
4,雑学,中,すいえい,水の中を泳ぐスポーツ
4,雑学,中,すけーと,氷の上を滑るスポーツ
3,雑学,中,すきー,雪山を滑り降りるスポーツ
4,雑学,中,まらそん,42.195キロを走る長距離競技
3,雑学,中,ぴあの,黒と白の鍵盤がある楽器
3,雑学,中,ぎたー,弦を弾いて音を出す楽器
3,雑学,中,どらむ,叩いてリズムを刻む楽器
4,雑学,中,ふるーと,横に構えて吹く木管楽器
5,雑学,中,ばいおりん,弓で弦をこすって音を出す楽器
6,雑学,中,とらんぺつと,金色に輝く金管楽器
5,雑学,中,はーもにか,吹いたり吸ったりして音を出す、手のひらサイズの魔法の楽器
3,雑学,中,たいこ,バチで叩く日本の楽器
3,雑学,中,すずき,海で釣れる人気の魚
3,雑学,中,まぐろ,刺身で人気の大きな魚
4,雑学,中,さーもん,ピンク色の身を持つ魚
3,雑学,中,さんま,「目黒の」といえばこれ。秋の食卓に並ぶ細長い魚
2,雑学,中,あじ,干物でも人気の魚
2,雑学,中,たい,めでたい席で出される赤い魚
3,雑学,中,かつお,たたきで有名な魚
3,雑学,中,いわし,小さくて栄養豊富な魚
2,雑学,中,さば,青魚の代表格
2,雑学,中,ぶり,出世魚として有名な魚
3,雑学,中,ひらめ,左側に目が寄っている、砂地に隠れる平たい高級魚
2,雑学,中,たこ,8本の足を持つ海の生き物
5,歴史,中,えどじだい,徳川将軍が260年あまり治めた、平和な侍の世
6,歴史,中,めいじじだい,ちょんまげを落とし、文明開化の音がした新しい時代
5,歴史,中,しようぐん,幕府のトップ。徳川家康などが有名
4,歴史,中,さむらい,二本の刀を腰に差し、忠義のために生きた武士
7,歴史,中,せんごくじだい,織田信長や豊臣秀吉が天下を争った、激動の世の中
5,歴史,中,せきがはら,1600年、天下分け目の戦いが行われた岐阜の地
4,地理,中,ふじさん,日本の魂。世界遺産にも登録された、美しく雄大な日本一の山
3,地理,中,びわこ,滋賀県にある、まるで海のように巨大な日本一の湖
6,地理,中,ほつかいどう,広い大地と美味しい海鮮。日本で一番北にある広大な地
6,地理,中,おきなわけん,青い海と守礼門。日本で一番南にある島々
5,地理,中,きようとふ,千年の都。古いお寺や神社が数多く残る観光の街
5,地理,中,おおさかふ,「天下の台所」。くいだおれの街として親しまれる賑やかな地
3,科学,中,さんそ,目には見えないけれど、私たちが呼吸するために欠かせない気体
3,科学,中,すいそ,宇宙で一番ありふれていて、一番軽い元素
3,科学,中,ちつそ,空気の約8割を占めている、ありふれた気体
6,科学,中,たんさんがす,シュワシュワ弾ける飲み物の正体
4,科学,中,じしやく,N極とS極があり、鉄を引き寄せる不思議な物体
4,数学,中,へいほう,数学で、同じ数を2回かけ算すること
4,数学,中,ぶんすう,「2分の1」や「4分の3」のように表される数
5,数学,中,しようすう,「3.14」のように、小数点を使って表される数
6,数学,中,さんかくけい,おにぎりやピラミッドと同じ、3つの角を持つ形
5,数学,中,しかくけい,ノートやテレビと同じ、4つの角を持つ形
7,数学,中,たいせきぐらふ,面積で表すグラフ
5,国語,中,けいようし,「美しい」「速い」など、様子を説明する言葉の仲間
3,国語,中,ふくし,「とても」「ゆっくり」など、様子をより詳しく説明する言葉
3,国語,中,しゆご,「誰が」「何が」にあたる、文の主役
4,国語,中,じゆつご,「何だ」「どうする」にあたる、文の結論部分
6,国語,中,しようめつし,「は」「を」「が」などの助詞
3,音楽,中,おんぷ,五線譜の上で、音の高さや長さを表すおたまじゃくし
4,音楽,中,きゆうふ,音楽の途中で、お休み（無音）の時間を表す記号
4,音楽,中,おんかい,ドレミファソラシドの階段
4,音楽,中,ちようき,音の高さを示す記号
4,音楽,中,ちようし,曲の基準となる音
3,音楽,中,りずむ,音楽のリズムやテンポ
4,体育,中,あんばー,あん馬の技ではありません。体操で「前方回転」を指す隠語？（※実際は跳馬の技）
5,体育,中,さかあがり,公園の鉄棒で、足でお空を蹴って一回転！
4,体育,中,とびばこ,数段積み重ねた箱を、手をついてピョンと飛び越える運動
6,体育,中,はーどるそう,障害物を跳び越える競走
8,体育,中,りれーきようそう,バトンをつなぐ競走
5,理科,中,こんちゆう,頭・胸・腹の三つに分かれ、脚が6本ある生き物
6,理科,中,はちゆうるい,ヘビやトカゲのように、ウロコがあって卵を産む仲間
7,理科,中,りようせいるい,子供の時は水の中、大人は陸で暮らすカエルなどの仲間
6,理科,中,ほにゆうるい,人間や犬のように、赤ちゃんをおっぱい（母乳）で育てる仲間
6,理科,中,こうごうせい,植物が太陽の光を浴びて、自分の栄養と酸素を作ること
5,理科,中,じようはつ,水が空気に溶けるようにして、目に見えなくなってしまうこと
4,理科,中,ぎようこ,ジュースを凍らせてアイスにするような、固まる変化
6,理科,中,たいようけい,太陽の周りを回る、地球や火星などの大家族
4,社会,中,けんぽう,国の最高法規。国民の権利と義務が定められている
8,社会,中,さんけんぶんりつ,立法・行政・司法の分立
5,社会,中,しゆしよう,日本の政治のリーダー。「総理大臣」の別名
4,社会,中,こつかい,法律を作るための会議が行われる場所
6,社会,中,さいばんしよ,ルールを守らなかった人を裁いたり、争いを解決したりする場所
4,社会,中,せんきよ,自分たちの代表を投票で選ぶ、大切なイベント
7,社会,中,みんしゆしゆぎ,みんなで話し合って、みんなで物事を決めていこうという考え方
9,社会,中,きほんてきじんけん,人が生まれながら持つ権利
5,産業,中,のうぎよう,作物を育てる産業
7,産業,中,すいさんぎよう,魚や海藻を獲る産業
5,産業,中,こうぎよう,物を作る産業
6,産業,中,しようぎよう,物を売買する産業
10,産業,中,だいいちじさんぎよう,農林水産業の総称
9,産業,中,だいにじさんぎよう,工業や建設業の総称
10,産業,中,だいさんじさんぎよう,サービス業の総称
3,文化,中,はいく,5・7・5の短い詩
3,文化,中,たんか,5・7・5・7・7の和歌
3,文化,中,かぶき,伝統的な日本の演劇
2,文化,中,のう,能面を使う伝統芸能
4,文化,中,おりがみ,紙を折って作る日本の遊び
5,文化,中,しようどう,筆で文字を書く芸術
4,文化,中,いけばな,花を生ける日本の芸術
4,文化,中,ちやのゆ,茶道とも呼ばれる伝統文化
7,文化,中,にほんぶんがく,夏目漱石や芥川龍之介などが書いた、日本の名作たち
8,文化,中,げんじものがたり,紫式部が千年以上前に書いた、世界最古の長編小説
3,自然,中,かざん,時々怒り（噴火）を出して、マグマを吹き出す山
3,自然,中,じしん,地面が急にグラグラと揺れる、恐ろしい自然現象
3,自然,中,つなみ,地震のあとに、海から押し寄せる巨大な波
4,自然,中,たいふう,夏の終わりから秋にかけて、強い雨と風を連れてくる渦巻き
4,自然,中,かみなり,空がピカッと光り、ゴロゴロと大きな音が響く現象
4,自然,中,おーろら,北極や南極の空に現れる、幻想的な光のカーテン
9,自然,中,ちきゆうおんだんか,地球の気温が上がる現象
7,自然,中,おんしつこうか,地球がビニールハウスのように温まってしまう現象
4,天文,中,すいせい,太陽に一番近い、小さくて暑い（夜は寒い）惑星
4,天文,中,きんせい,太陽と月を除いて一番明るく輝く、「よいの明星」
3,天文,中,かせい,地球の一つ外側にある、赤い砂に覆われた惑星
4,天文,中,もくせい,太陽系で一番大きく、トレードマークの縞模様がある惑星
3,天文,中,どせい,大きな「輪っか」を持っているのが特徴の惑星
6,天文,中,かいおうせい,太陽系最遠の惑星
4,料理,中,みそしる,朝のご飯に欠かせない、お出汁と大豆の恵みたっぷりの温かい汁物
4,料理,中,おにぎり,三角や丸の形。海苔を巻いて、ピクニックや運動会のお供に
4,料理,中,てんぷら,サクサクの衣を纏った豪華な揚げ物。エビやサツマイモ、旬の野菜を添えて
4,料理,中,すきやき,甘辛い醤油ダレで牛肉やネギを煮込み、生卵に絡めて食べる贅沢な鍋
4,料理,中,からあげ,みんな大好き、お弁当の定番。鶏肉に下味をつけてカラッと揚げたもの
4,料理,中,たこやき,爪楊枝でクルッと回して焼き上げる、ソースと青のりが香る丸い名物
4,料理,中,やきそば,鉄板の上でジュージュー！屋台の香りに誘われる、ソース味の麺料理
6,料理,中,かれーらいす,スパイスの香りが食欲をそそる。翌日の味もまた格別な、国民的人気メニュー
5,料理,中,おむらいす,ケチャップライスをふわとろの卵で包んだ、洋食屋さんの人気者
2,建物,中,しろ,汚れのない雪や雲の色。「真っ白なキャンバス」という言葉も
2,建物,中,てら,お経が聞こえ、五重塔があることも。仏様が祀られている場所
4,建物,中,じんじや,鳥居をくぐり、二礼二拍手一礼。神様が祀られている場所
8,建物,中,とうきようたわー,港区にある赤い電波塔。スカイツリーができる前の東京のシンボル
6,建物,中,すかいつりー,墨田区にそびえ立つ、世界一高い自立式電波塔
6,建物,中,きよみずでら,「～の舞台から飛び降りる」 平安時代から続く、京都を代表する観光地
5,建物,中,きんかくじ,足利義満が建てた、まばゆい金箔を全身に纏った豪華絢爛な寺院
5,建物,中,ぎんかくじ,足利義政が建てた、わびさびの精神が宿る落ち着いた風情の寺院
3,職業,中,いしや,「お大事に」と声をかけ、病気や怪我を治してくれる心強い味方
4,職業,中,かんごし,病院で患者さんに寄り添い、手厚いケアとサポートをする優しい仕事
6,職業,中,けいさつかん,街のパトロールや交通整理。みんなの安全と平和を守る正義の味方
6,職業,中,しようぼうし,赤い車でサイレンを鳴らし、火を消したり人を助けたりするヒーロー
4,職業,中,きようし,学校の黒板の前に立ち、勉強や生活の大切なことを教えてくれる人
5,職業,中,けんちくか,どんな家やビルにする？未来の街の図面を引く、建物の設計者
6,職業,中,ぷろぐらまー,コンピューターが動くための魔法の言葉（コード）を書く仕事
5,職業,中,でざいなー,服やポスター、Webサイトを素敵に彩る、センス豊かなクリエイター
4,食材,中,にんじん,オレンジ色の根菜。馬の大好物で、カレーの彩りにも欠かせない
4,食材,中,たまねぎ,包丁で切ると涙が出てくる、不思議な層になった野菜
5,食材,中,じやがいも,ホクホクの肉じゃがやポテトフライに。土の中で育つ人気の芋
4,食材,中,だいこん,冬の鍋や煮物の主役。おろしにしても美味しい、白くて長い根菜
4,食材,中,きやべつ,トンカツの横には千切りが定番。ロールキャベツにも使われる大きな葉野菜
4,食材,中,ぴーまん,子供の嫌いな野菜ランキング常連？でも肉詰めにすると美味しい緑の野菜
3,食材,中,とまと,真っ赤に熟した実はリコピンたっぷり。イタリア料理に欠かせない夏野菜
4,食材,中,きゆうり,パリッとした食感が最高。河童の好物とも言われる細長い夏野菜
4,乗物,中,でんしや,ガタンゴトンと線路を走り、たくさんの人を目的地まで運ぶ乗り物
2,食材,中,なす,「秋の～は嫁に食わすな」と言われる、ツヤツヤした紫色の野菜
4,乗物,中,ひこうき,大きな翼を広げ、雲の上を飛び越えて世界中へ連れて行ってくれる
2,乗物,中,ふね,波をかき分け、クジラのように海の上を進む大きな乗り物
6,乗物,中,しんかんせん,日本の誇る高速鉄道。最高時速300キロ以上で風のように駆け抜ける
5,乗物,中,じてんしや,ペダルをこいで風を切る。近所のお出かけに便利な二輪車
5,乗物,中,おーとばい,エンジンの力で力強く加速する、二輪の乗り物
6,乗物,中,へりこぷたー,狭い場所でも垂直に飛び立ち、プロペラを回して空中で静止できる航空機
2,色,中,あか,情熱の火の色、熟したリンゴや消防車の色
2,色,中,あお,どこまでも続く空の色、広大な海の色。爽やかなイメージ
3,色,中,きいろ,元気いっぱいのひまわりやレモン、信号の「注意」の色
3,色,中,みどり,生い茂る木々の葉の色。目に優しく、心を落ち着かせる自然の色
2,色,中,しろ,汚れのない雪や雲の色。「真っ白なキャンバス」という言葉も
2,色,中,くろ,真夜中の闇の色、カラスの羽や書道の墨の色
4,色,中,むらさき,高貴なイメージがある、ブドウやスミレの花の色
4,色,中,おれんじ,夕焼け空やミカンの実のような、暖かくて明るい色
3,色,中,ぴんく,春に咲くサクラや桃の花のような、優しくて可愛らしい色
3,道具,中,はさみ,チョキチョキと紙を切る道具。指を入れないように気をつけて
2,道具,中,のり,ベタベタと塗り、紙と紙をピタッとくっつける道具
5,道具,中,せろてーぷ,透明な粘着テープの代名詞。梱包や工作の強い味方
4,道具,中,ほちきす,針をガチャンと押し込み、バラバラの書類を一瞬で綴じる道具
4,道具,中,じようぎ,真っ直ぐな線を引いたり、物の長さを測ったりするときに使う定規
5,道具,中,ぶんぼうぐ,筆箱や机の中に詰まった、勉強や仕事に欠かせない仲間たちの総称
5,道具,中,けいさんき,複雑な計算もボタンひとつで。パッと答えを導き出す計算の達人
4,道具,中,ぱそこん,キーボードで文字を打ち、インターネットや仕事に使う万能マシン
5,家電,中,れいぞうこ,食べ物や飲み物をひんやり冷やし、鮮度を保ってくれる家電
6,家電,中,でんしれんじ,マイクロ波の力で、冷めたお弁当もあっという間にアツアツにする家電
5,家電,中,せんたくき,汚れた服を水でジャブジャブ洗い、最後は脱水までしてくれる家電
4,家電,中,そうじき,床の上のホコリやゴミをグングン吸い込む、お掃除のパートナー
3,家電,中,てれび,最新のニュースやドラマ、スポーツの熱気を部屋に届けてくる箱
4,家電,中,えあこん,夏は涼しく、冬は暖かく。お部屋の温度を快適にコントロールする家電
5,家電,中,すいはんき,お米と水を入れたら、あとはスイッチを押すだけ。美味しいご飯を炊く家電
2,時間,中,あさ,太陽が昇り、小鳥のさえずりで一日が始まる清々しい時間帯
2,時間,中,ひる,お日様が一番高いところにあり、お弁当や給食が楽しみな時間帯
2,時間,中,よる,一日の終わり。お風呂に入って布団に入り、静かに眠りにつく時間帯
4,時間,中,いちにち,地球が1回クルリと回る時間。24時間で一区切り
7,時間,中,いつしゆうかん,月火水木金土日。7日間をひとまとめにした単位
5,時間,中,いつかげつ,月が地球を一周するのとほぼ同じ、約30日間のまとまり
4,時間,中,いちねん,春夏秋冬が一周し、地球が太陽の周りを一回りする時間。365日
3,方角,中,ひがし,太陽が昇り、新しい一日が始まる方角。地図の右側
2,方角,中,にし,太陽が沈み、夕焼けが美しい方角。地図の左側
3,方角,中,みなみ,太陽が一番高く昇り、暖かな光が降り注ぐ方角。地図の下側
2,方角,中,きた,北極星が輝き、冷たい風が吹いてくる方角。地図の上側
4,方角,中,ほくとう,北と東の間
4,方角,中,なんせい,南と西の間
2,天気,中,はれ,お日様が顔を出し、洗濯物もよく乾く気持ちの良い天気
3,天気,中,くもり,空一面を雲が覆い、お日様が隠れてしまっている様子
2,天気,中,あめ,空から水滴が降り注ぐ。農作物には恵み、出かけるには傘が必要
2,天気,中,ゆき,空からひらひら舞い降りる白い結晶。積もれば雪だるまも作れる
4,天気,中,おおあめ,バケツをひっくり返したような降り方。川の増水に気をつけて
5,天気,中,にわかあめ,「弁当忘れても傘忘れるな」と言われる、急に降ってすぐ止む雨
5,月,中,しようがつ,一年の始まり。お年玉やお雑煮、初詣が楽しみな時期
3,月,中,にがつ,一年で一番短い月。「鬼は外、福は内」と豆をまく季節
4,月,中,さんがつ,ひな祭りや卒業式。春の足音が聞こえ、桜が咲き始める時期
3,月,中,しがつ,心機一転、入学式や入社式。新しい環境が始まる春真っ盛りの月
3,月,中,ごがつ,ゴールデンウィークや子供の日。屋根より高い鯉のぼりが泳ぐ季節
4,月,中,ろくがつ,ジメジメした梅雨の季節。カエルや紫陽花が元気な月
4,月,中,しちがつ,七夕の笹飾りに願いを込める。海開きがあり、夏休みが始まる月
4,月,中,はちがつ,一年で一番暑い盛り。ヒマワリが咲き、お盆やすみや夏祭りの季節
3,月,中,くがつ,「暑さ寒さも彼岸まで」。秋の虫が鳴き始め、お月見を楽しむ時期
5,月,中,じゆうがつ,運動会や文化祭、ハロウィン。過ごしやすくなり、実りの秋を迎える月
7,月,中,じゆういちがつ,七五三の晴れ着姿。紅葉が美しく色づき、冬の気配が忍び寄る時期
6,月,中,じゆうにがつ,一年の締めくくり。クリスマスや大晦日、除夜の鐘が響く月
5,曜日,中,げつようび,名前の由来は「月」。一週間の仕事や学校が始まる、少し憂鬱な？朝
4,曜日,中,かようび,名前の由来は「火」。一週間のやる気が燃え上がる？火星にちなんだ日
5,曜日,中,すいようび,名前の由来は「水」。一週間のちょうど真ん中、水星にちなんだ日
5,曜日,中,もくようび,名前の由来は「木」。週末まであと少し、木星にちなんだ日
5,曜日,中,きんようび,名前の由来は「金」。仕事終わりの解放感が嬉しい、愛と美の星の日
4,曜日,中,どようび,名前の由来は「土」。待ちに待った休日。土星にちなんだ週末の始まり
5,曜日,中,にちようび,名前の由来は「太陽」。ゆっくりお休みして英気を養う、一週間の終わりの日
3,身体,中,あたま,考えごとをする場所。上には髪の毛が生えていて、ヘルメットで守る場所
2,身体,中,かお,喜怒哀楽が現れる、人の第一印象を決める場所。自分を映す鏡の前で確認
2,身体,中,はな,おいしそうな匂いを嗅ぎ分ける場所。一番高くて、メガネが乗っかる場所
2,身体,中,くち,おいしいものを食べたり、楽しくお喋りしたり、歌を歌ったりする入り口
2,身体,中,みみ,大好きな音楽や友達の声を聴き取る場所。横についていて、マスクをかける場所
2,身体,中,あし,目的地までテクテク歩いたり、力いっぱい走ったりするために使う場所
3,身体,中,からだ,頭からつま先まで、自分の全部のこと。健康が一番！
3,身体,中,こころ,目には見えないけれど、形を変えて現れる喜怒哀楽の源
4,感情,中,よろこび,願いが叶った時や、宝物を見つけた時に湧き上がる幸せな気持ち
4,感情,中,かなしみ,大事なものを失くしたり、お別れをしたりした時に胸が締め付けられる思い
3,感情,中,いかり,不公平なことや意地悪なことに、カッとなって顔が赤くなるような気持ち
4,感情,中,たのしみ,遠足やイベントを待ち遠しく思う「ワクワク」や「ドキドキ」のこと
4,感情,中,うれしい,プレゼントをもらったり、褒められたりした時のポカポカする気持ち
4,感情,中,さびしい,一人きりになった時や、遊びが終わった時の、少し冷たいような気持ち
2,家族,中,ちち,家庭の大黒柱として、毎日お仕事を頑張って家族を支えてくれる存在
2,家族,中,はは,美味しいご飯を作って見守ってくれる。母の日のカーネーションを贈る相手
2,家族,中,あに,自分より先に生まれ、時には喧嘩もしながら頼りになる男のご兄弟
2,家族,中,あね,自分より先に生まれ、おしゃれを教えてくれたり相談に乗ってくれたりする女のご兄弟
4,家族,中,おとうと,自分より後に生まれ、元気いっぱいに後を追いかけてくる可愛い男の兄弟
4,家族,中,いもうと,自分より後に生まれ、時にはおませなことも言うけれど愛らしい女の兄弟
2,家族,中,そふ,お父さんやお母さんのお父さん。昔のことをたくさん知っている物知りな存在
2,家族,中,そぼ,お父さんやお母さんのお母さん。優しい笑顔で迎えてくれるおばあちゃん
5,学校,中,きようしつ,机を並べてみんなで勉強し、休み時間には笑い声が響く学校のお部屋
4,学校,中,こうてい,体育の時間に走り回ったり、昼休みにボール遊びをしたりする広い場所
5,学校,中,としよかん,たくさんの本が静かに並び、知らない世界へと連れて行ってくれる知識の宝庫
4,学校,中,りかしつ,ビーカーや試験管が並び、ワクワクするような実験が行われる場所
6,学校,中,おんがくしつ,ピアノや楽器の音が響き、みんなで声を合わせて合唱を楽しむ部室のような部屋
6,学校,中,たいいくかん,雨の日でもスポーツが楽しめる、広い床と高い天井がある大きな建物
5,行事,中,しようがつ,一年の始まり。お年玉やお雑煮、初詣が楽しみな時期
4,行事,中,せつぶん,「鬼は外、福は内！」 豆をまいて邪気を払い、福を呼び込む2月の行事
5,行事,中,ひなまつり,女の子の健やかな成長を願い、美しい人形や桃の花を飾る3月の行事
4,行事,中,たなばた,織姫と彦星が年に一度だけ会える日。笹の葉に願い事を書いた短冊を飾る7月の行事
5,行事,中,こどものひ,男の子の成長を祝い、屋根より高い鯉のぼりや兜を飾る5月の行事
5,行事,中,くりすます,サンタクロースがトナカイに乗ってやってくる、冬の楽しみなイベント
6,行事,中,ばれんたいん,大切な人へチョコを贈り、想いを伝える2月のイベント
2,数字,中,ぜろ,始まりでもあり、何もないことも表す。テニスでは「ラブ」と呼ぶことも
2,数字,中,いち,物事の最初。ナンバーワン。漢字で書くと横棒一本
2,数字,中,さん,「石の上にも～年」や「～本の矢」で知られる数字
2,数字,中,よん,春夏秋冬、四股、四字熟語。幸せ(4)の数字？
2,数字,中,ろく,サイコロの最大目。～法全書や～神、～根清浄
2,数字,中,なな,ラッキーセブン。虹の色、一週間の日数、七福神
2,数字,中,はち,末広がりで縁起が良いとされる、漢数字の「八」に似た形
3,数字,中,きゆう,一桁の数字で最大。苦しい(9)とも読めるけれど、野球の人数でもある
3,数字,中,じゆう,両手の指を全部立てるとこの数。十戒、十分、十全
3,数字,中,ひやく,「～点満点」や「～獣の王」。三桁の始まりの数字
2,数字,中,せん,「～羽鶴」や「～枚通し」。大きな数を表す言葉によく使われる
2,数字,中,まん,「～年雪」や「～里の長城」。非常に数が多いことの代名詞
4,単位,中,めーとる,世界標準の長さの単位。100センチでこれひとつ
3,単位,中,ぐらむ,重さの単位。1円玉一枚の重さがちょうどこれくらい
4,単位,中,りつとる,体積の単位。牛乳パック一本（大）に入る量といえば？
5,単位,中,きろぐらむ,体重計でおなじみの単位。1000グラムでこれひとつ
4,図形,中,さんかく,三つの角と辺。おにぎりやサンドイッチの形
3,図形,中,しかく,四つの角と辺。折り紙やテレビ、窓の形
2,図形,中,まる,角がなくて円満。お月様や100点のテストに描かれる形
5,図形,中,ちよくせん,定規を使って引く、真っ直ぐで最短な道
5,図形,中,きよくせん,カーブや波模様。柔らかく曲がった線
4,計算,中,たしざん,「1たす1は？」 合わせる計算。別名、加法
4,計算,中,ひきざん,「5ひく3は？」 取り去る計算。別名、減法
4,計算,中,かけざん,九九を使ってパッと計算。別名、乗法
4,計算,中,わりざん,ケーキをみんなで等しく分けるときに使う計算。別名、除法
7,IT,中,いんたーねつと,世界中の情報がクモの巣のように繋がった、現代の魔法の網
3,IT,中,めーる,ポストに行かなくてもパッと届く、デジタルのお手紙
6,IT,中,うえぶさいと,ブラウザで見る情報のページ。ホームページとも呼ぶ
7,IT,中,すまーとふおん,電話も写真もネットもこれ一台。現代人の必須アイテム
8,IT,中,あぷりけーしよん,スマホやパソコンで動く、便利な道具やゲームのプログラム
4,世界,中,あめりか,自由の女神やディズニーランドがある、世界に大きな影響力を持つ大国
5,世界,中,ちゆうごく,パンダの故郷であり、万里の長城や悠久の歴史を持つアジアの大国
4,世界,中,かんこく,お隣の国。キムチなどの美味しい料理や、K-POPなどの文化も人気
4,世界,中,いぎりす,ビッグベンや紅茶。紳士淑女の国として知られる島国
4,世界,中,ふらんす,エッフェル塔や豪華な料理、ファッションの最先端をゆく芸術の国
3,世界,中,どいつ,ビールとソーセージ。精密な車作りでも有名なヨーロッパの工業国
4,世界,中,いたりあ,ピザやパスタの聖地。コロッセオや斜塔など、歴史遺産が眠る国
4,世界,中,ぶらじる,情熱のサンバとサッカー。広大なアマゾンの熱帯雨林を持つ南米のリーダー
7,英語,中,いんぐりつしゆ,世界中で話されている言葉。リンガ・フランカとも呼ばれる
7,英語,中,あるふあべつと,AからZまで。英語の基本となる文字のセット
4,英語,中,ぐらまー,言葉を正しく並べるためのルール。文法
7,英語,中,ぼきやぶらりー,どれだけ言葉を知っているか？語彙の豊かさのこと
9,数学,中,へいこうしへんけい,向かい合う二組の辺が平行な四角形。斜めに傾いた長方形のような形
7,数学,中,しようすうてん,整数のあとにチョンと打ち、端数を表すための点
10,数学,中,さいだいこうやくすう,二つ以上の数に共通な約数の中で、一番大きな数字のこと
6,数学,中,へいほうこん,二乗してその数になる元々の数字。数学の記号「ルート」で表される
8,理科,中,ちつそさんかぶつ,工場や車の排気ガスに含まれ、大気汚染の原因と言われる窒素の化合物
8,理科,中,いおうさんかぶつ,火山ガスや石油の燃焼で発生し、酸性雨の原因にもなる硫黄の化合物
7,理科,中,みとこんどりあ,細胞の中で呼吸してエネルギーを作る、小さな発電所のような存在
9,社会,中,ぎいんないかくせい,議院内閣制
8,社会,中,れきしてきぶんか,歴史的文化
7,歴史,中,かまくらばくふ,源頼朝が開き、武士の時代を本格的に始めた幕府
7,歴史,中,むろまちばくふ,足利尊氏が開き、花の御所や金閣・銀閣の文化を育んだ幕府
10,歴史,中,あずちももやまじだい,織田信長と豊臣秀吉が活躍した、豪華絢爛な文化の時代
6,歴史,中,めいじいしん,江戸から明治へ。日本の近代化を成し遂げた大きな変革
6,地理,中,のうびへいや,木曽三川が流れ、名古屋市などが位置する中部地方の広大な平野
9,地理,中,たいへいようべると,関東から九州にかけて、工業地帯や大都市が並ぶ太平洋沿いの細長い地域
7,科学,中,すいへいりーべ,「水兵リーベ僕の船…」元素記号の覚え方の定番
10,数学,中,れんりつほうていしき,二つ以上の文字と式を組み合わせて、共通の答え（解）を導き出す数学の手法
6,数学,中,にじかんすう,放物線を描くグラフが特徴。yがxの二乗に比例する関数のこと
7,数学,中,いちじかんすう,グラフを書くと真っ直ぐな直線になる。変化の割合が常に一定の関数
6,国語,中,けんじようご,自分を一歩下げることで、相手への敬意を表す言葉。お・いたす、など
5,国語,中,そんけいご,相手を敬い、高めることで敬意を表す言葉。お・になる、など
5,国語,中,ていねいご,「です・ます・ございます」。誰に対しても失礼のない丁寧な言葉
7,国語,中,しゆうしよくご,他の言葉の意味をより詳しく、限定するために使われる文の要素
5,国語,中,せつぞくし,「だから」「しかし」。文と文を繋ぐ糊（のり）のような役目の言葉
5,国語,中,かんどうし,「ああ！」「おっと！」。思わず口から出る、感情のこもったつぶやき
9,生物,中,しよくぶつさいぼう,動物とは違い、形を保つ「細胞壁」や、光合成のための「葉緑体」を持つのが特徴
8,生物,中,どうぶつさいぼう,形が柔らかく、細胞壁を持たないのが特徴。複雑な器官を作り上げる基本単位
8,生物,中,さいぼうぶんれつ,一つの命が二つに分かれ、成長していく生命の神秘的なプロセス
8,生物,中,だいいちぶんれつ,細胞が分かれる時の最初のステップ。複雑な変化が始まる段階
7,生物,中,だいにぶんれつ,最初の分裂に続いて起こる、さらに細かな変化のプロセス
9,生物,中,いでんしじようほう,親から子へ受け継がれる、体の設計図。ATGCの4文字で書かれる
7,生物,中,でぃーえぬえー,生命の設計図を司る、二重らせん構造の物質
7,生物,中,あーるえぬえー,DNAの情報を読み取り、タンパク質を作るのを助ける伝達役
6,化学,中,げんそきごう,"H, He, Li, Be... 物質の最小単位をアルファベットで表したもの"
7,化学,中,しゆうきひよう,メンデレーエフが考案した、元素を性質ごとに並べたカレンダーのような表
7,化学,中,きんぞくげんそ,電気を通し、熱を伝え、キラリと輝く性質を持つグループ
8,化学,中,ひきんぞくげんそ,酸素や窒素のように、金属のような輝きや性質を持たないグループ
7,化学,中,あぼがどろすう,1モルに含まれる粒子の数。6.02×10の23乗という膨大な数字
8,物理,中,さようはんさよう,壁を押すと押し返される。力には必ず同じ大きさの反対の力が生まれる法則
7,地学,中,まぐにちゆーど,地面の揺れではなく、地震そのものが持つ巨大なエネルギーの大きさを表す尺度
10,地学,中,ぷれーとてくとにくす,地球の表面が巨大な岩の板でできており、それが動くことで山や海ができるという考え方
8,地学,中,たいりくぷれーと,私たちが住んでいる大陸を支える、厚くて硬い地殻の板
8,地学,中,かいようぷれーと,海底の下に広がる、大陸よりも重くて沈み込みやすい地殻の板
7,英語,中,えすぴーきんぐ,「話すこと」。自分の思いを声に出して相手に伝えるスキルのこと
6,英語,中,りーでいんぐ,「読み取ること」。本や手紙の文字から情報をキャッチするスキルのこと
6,英語,中,らいていんぐ,「書くこと」。ペンやキーボードを使って自分の考えを綴るスキルのこと
5,英語,中,りすにんぐ,「聴くこと」。耳を澄まして相手の言葉を理解するスキルのこと
6,技術,中,でんきかいろ,電池、スイッチ、電球が繋がった、電気が流れるための「通り道」
6,日本遺産,中,ほうりゆうじ,世界最古の木造建築。五重塔がそびえる、聖徳太子ゆかりの奈良のお寺
6,日本遺産,中,ひめじじよう,真っ白な城壁が羽を広げた鷺のように見える、世界遺産の美しいお城
6,日本遺産,中,きよみずでら,「～の舞台から飛び降りる」 平安時代から続く、京都を代表する観光地
5,日本遺産,中,きんかくじ,足利義満が建てた、まばゆい金箔を全身に纏った豪華絢爛な寺院
5,日本遺産,中,ぎんかくじ,足利義政が建てた、わびさびの精神が宿る落ち着いた風情の寺院
5,日本遺産,中,とうだいじ,「奈良の大仏様」が鎮座する、世界最大級の木造建築があるお寺
7,日本遺産,中,びようどういん,十円玉の裏側のデザイン。宇治にある鳳凰堂が美しい寺院
5,日本遺産,中,いつくしま,海の中に立つ大鳥居が幻想的な、広島県宮島にある世界遺産の神社
6,日本遺産,中,しらかわごう,「合掌造り」の茅葺き屋根が並ぶ、日本の原風景が残る岐阜県の集落
7,日本遺産,中,げんばくどーむ,悲劇を繰り返さない祈りの象徴。広島にある平和記念碑
4,日本遺産,中,ふじさん,日本の魂。世界遺産にも登録された、美しく雄大な日本一の山
4,日本遺産,中,やくしま,「縄文杉」が静かに時を刻む、神秘的な森と屋久鹿が暮らす鹿児島の世界遺産の島
4,日本遺産,中,しれとこ,流氷が押し寄せ、ヒグマやオジロワシが息づく北海道の世界遺産である半島
5,日本遺産,中,おがさわら,独自の進化を遂げた動植物が暮らす、東京から船で24時間かかる「東洋のガラパゴス」
6,日本遺産,中,ぐんかんじま,長崎の海に浮かぶ、かつての炭鉱都市の廃墟。本名は「端島(はしま)」
5,世界遺産,中,ぴらみつど,砂漠にそびえる四角錐の巨石建造物。古代エジプト王の巨大な墓
6,世界遺産,中,すふいんくす,人間の顔とライオンの体を持つ、ピラミッドを見守り続ける守護神の像
6,世界遺産,中,たーじまはる,大理石の白さが輝く、インドの皇帝が最愛の妻に捧げた美しい墓廟
6,世界遺産,中,しきんじよう,明・清の時代の王宮。北京の中心にある広大な宮殿群（旧・紫禁城）
6,世界遺産,中,ころつせうむ,古代ローマの娯楽の殿堂。猛獣や剣闘士が戦った円形闘技場の跡
6,世界遺産,中,まちゆぴちゆ,ペルーの断崖絶壁に位置する、インカ帝国が築いた謎に包まれた「空中都市」
5,世界遺産,中,もあいぞう,イースター島の海岸線に背を向けて立ち並ぶ、不気味で巨大な石像の群れ
9,世界遺産,中,さぐらだふあみりあ,ガウディの没後も建設が続く、バルセロナの象徴である未完成の聖堂
9,世界遺産,中,もんさんみつしえる,潮の満ち引きによって孤島となる場所に建つ、フランスの幻想的な修道院
6,世界遺産,中,じゆうのめがみ,アメリカ独立100周年を祝いフランスから贈られた、ニューヨーク港を見守る女神像
7,世界遺産,中,えつふえるとう,パリの空にそびえる鉄の塔。フランス革命100周年を記念して建てられた象徴
5,世界遺産,中,ぱるてのん,アテネの丘の上に建つ、ドーリア式の列柱が美しい古代ギリシャの神殿
5,世界遺産,中,がらぱごす,エクアドル沖にあり、独自の進化を遂げたゾウガメなどが暮らす「進化論」ゆかりの諸島
10,世界遺産,中,ぐれーとばりありーふ,オーストラリア沖に広がる、宇宙からも見える世界最大級のサンゴ礁地帯
6,世界遺産,中,べるさいゆ,太陽王ルイ14世が築いた、鏡の間や広大な庭園が豪華なフランスの宮殿
4,世界遺産,中,べねちあ,「水の都」として知られるアドリア海の都市。街中を運河とゴンドラが行き交う
8,世界遺産,中,あんこーるわつと,カンボジアの密林に眠る、クメール建築の最高傑作と言われる巨大寺院遺跡
3,世界遺産,中,ぺとら,「インディ・ジョーンズ」の舞台にもなった、ヨルダンの砂漠の岩山を削って作られた遺跡
4,果物,低,みかん,冬にこたつで食べる、皮をむく手が黄色くなる果物
4,乗物,低,くるま,四つのタイヤで道路を走る、便利な乗り物
3,衣類,低,くつ,外を歩く時に足に履くもの
3,家具,低,つくえ,勉強したり仕事をしたりする時に、向かい合って座る台
3,家具,低,いす,疲れた時に腰を下ろして休むための道具
2,自然,低,き,公園や森に生えている、太い幹と枝葉を持つ大きな植物
3,道具,低,こま,紐を巻き付けて、床の上でクルクル回して遊ぶおもちゃ
4,学用品,低,ふでばこ,鉛筆や消しゴムを使いやすくまとめて入れておくケース
6,時間,低,なつやすみ,セミが鳴く暑い季節にある、学校が一ヶ月ほどお休みになる期間
4,食べ物,低,ぱん,小麦粉を練って焼いた、朝ごはんによく食べるふかふかした食べ物
3,食べ物,低,ごはん,お米を炊いて作る、日本人の主食といえる白い食べ物
2,身体,低,め,景色や文字を見るための大切な場所。二つ並んでいる
2,身体,低,て,物を掴んだり、文字を書いたりするための器面な場所
2,身体,低,い,食べたものを消化する、お腹の中の袋のような場所
3,乗物,低,ばす,一度にたくさんの人を乗せて、決まった停留所を回る大きな車
4,道具,低,ほうちよう,料理を作る時に、野菜や肉をトントン切るための鋭い道具
3,身体,低,かみ,頭の上に生えている、おしゃれに整えることもあるもの
2,道具,低,くし,髪の毛を整えたり、美しくとかしたりするために使う道具
3,果物,低,もも,ピンク色でうぶ毛があり、ジューシーで甘い夏の果物
3,自然,低,いけ,公園などにあり、金魚やカエルが住んでいる小さな水のたまり場
4,道具,低,かぎ,大切なものを守るために。ドアや金庫をガチャリと開けるための道具
3,道具,低,ふえ,口で吹くと「ピーッ」と高い音が鳴る楽器や道具
3,音楽,低,うた,メロディに合わせて声を出し、楽しく表現すること
3,遊び,低,おに,かくれんぼや追いかけっこで、みんなを探したり追いかけたりする役
5,時間,低,あさごはん,一日の活動を始めるために。起きて最初に食べる食事
5,時間,低,よるごはん,一日の終わりに、家族で囲んで食べる最後に摂る食事
4,身体,低,ゆび,手の先に五本ずつついている、細かい作業をするための場所
3,身体,低,ひざ,足を曲げたり伸ばしたりする時に関節となる場所
3,身体,低,かた,腕の付け根。重い荷物を背負ったり、凝ったりすることもある場所
4,動物,低,くま,冬眠の準備をする、森の大きな力持ち。プーさんでもおなじみ
3,鳥類,低,はと,公園で「クルル」と鳴き、平和の象徴とも言われる鳥
3,鳥類,低,すずめ,チュンチュンと鳴く、日本で最も身近な小さな鳥
3,昆虫,低,あり,地面を列になって歩き、甘いものを巣へ運ぶ小さな生き物
4,昆虫,低,ちょう,美しい羽を広げて花の周りをひらひら舞う、華やかな生き物
3,魚類,低,さけ,川で生まれて海へ行き、産卵のためにまた川をさかのぼる赤い身の魚
2,魚類,低,いか,十本の足を持ち、お刺身や焼き物として人気の海に住む生き物
3,食べ物,低,ぱすた,イタリア発祥。スパゲッティなどの麺料理の総称
3,食べ物,低,ぴざ,丸い生地の上にチーズやトマトを乗せて焼いた、イタリアの定番料理
3,食べ物,低,すし,酢飯の上に新鮮な魚を乗せて握る、日本を代表するご馳走
3,食べ物,低,そば,灰色がかった細い麺。つゆにつけたり、温かくして食べる日本の麺
4,食べ物,低,うどん,白くて太い、モチモチした食感が楽しい日本の代表的な麺
4,食べ物,低,らーめん,中華麺とスープの絶妙なハーモニー。行列ができることもある人気の麺
3,言葉,低,あい,人を大切に想い、守りたいと願う強い気持ち
3,言葉,低,ゆめ,寝ている間に見る景色や、将来叶えたいあこがれのこと
3,言葉,低,うそ,本当ではないことを言って、相手をだましてしまう悲しい言葉
4,言葉,低,まほう,杖を振ると不思議なことが起こる、物語の中の不思議な力
3,身体,低,こし,椅子に座る時や、力を入れる時に要となる体の中心部分
4,言葉,中,けいご,目上の人に対して、敬意を表すために使う丁寧な言葉遣い
4,社会,中,じようほう,ニュースやインターネットを通じて得られる、役に立つ知識や知らせ
4,社会,中,けいざい,物を作ってお金を払い、世の中が回っていく仕組みのこと
4,社会,中,せいじ,国や地域のリーダーを選び、みんなのルールを決めて運営すること
4,自然,中,きしよう,雨や風、台風など、空で起こる様々な自然現象の総称
4,科学,中,じつけん,理科の授業で、予想が正しいか実際に試してみること
4,文化,中,でんとう,長い時間をかけて、先祖から子孫へと大切に受け継がれてきた文化
5,文化,中,かんこう,有名な景色や史跡を訪ねて、旅を楽しむこと
4,文化,中,げいじゆつ,音楽や絵画、彫刻など、美しさを表現して人の心を動かす活動
4,言葉,中,ことわざ,昔から言い伝えられてきた、教訓や知識を短くまとめた言葉
4,言葉,中,かんじ,中国から伝わった文字で、偏（へん）や冠（かんむり）などの形を持つもの
5,科学,中,うちゆう,地球の外に広がる、太陽や月、星々が浮かぶ果てしない空間
4,科学,中,せいぶつ,動物や植物のように、命を持って呼吸し成長するものの総称
3,科学,中,かがく,物質の性質や変化を調べ、世の中の仕組みを解き明かす学問
4,地理,中,ちず,広い陸地や海を小さく描き、場所や道筋をわかりやすくした図
4,地理,中,ちいき,あるまとまった場所のこと。自分の住んでいる周辺や県など
4,地理,中,きこう,一年の間に繰り返される、その土地ならではの気温や雨の様子
4,歴史,中,いせき,大昔の人が住んでいた場所や、古い建物が残っている大切な跡地
4,歴史,中,ぶんか,その時代の人々が生み出し、共有してきた暮らしの知恵や芸術
3,歴史,中,れきし,人類が歩んできた、これまでの出来事の積み重ね
5,社会,中,きよういく,学校などで知識やマナーを学び、立派な大人へと成長を助けること
5,生活,中,じんせい,人が生まれてから死ぬまで。喜びや苦しみを経験する長い歩み
5,生活,中,けつこん,愛し合う二人が、生涯を共にすると誓って家族になること
3,生活,中,かじ,料理、洗濯、掃除。毎日を快適に過ごすための家庭内の仕事
4,生活,中,しごと,自分の能力を活かして人の役に立ち、対価としてお金をいただくこと
4,言葉,中,ぶんぽう,言葉を正しく並べて、相手に意味を正確に伝えるためのルール
4,数学,中,すうじ,0から9まで。数や量を表すために使われる記法
4,数学,中,ずけい,丸、三角、四角など、形そのものの性質を調べる分野
4,科学,中,きかい,電気やエンジンの力で、複雑な動きを全自動で行う便利な装置
4,科学,中,はつめい,これまでこの世になかった、新しい便利なものを生み出すこと
4,歴史,中,じんぶつ,歴史の教科書に載っているような、素晴らしい功績を残した有名な人
4,地理,中,こつき,それぞれの国を象徴する、色や模様が決まっている旗
4,地理,中,しゆと,その国の政治や経済の中心となっている、最も重要な都市
4,生活,中,けんこう,病気にならず、体も心も元気でハツラツとしている状態
4,言葉,中,ていねい,動作や言葉遣いが落ち着いていて、相手への礼儀を尽くしていること
3,言葉,中,ひゆ,「まるで～のようだ」と例えることで、イメージを膨らませる表現
4,思考,中,りそう,「こうあってほしい」と願う、自分にとって最高に素晴らしい状態
4,思考,中,げんじつ,思い描いていることではなく、いま目の前で実際に起こっていること
5,思考,中,かのうせい,「できるかもしれない」という期待や、将来の選択肢が広がっていること
3,思考,中,きぼう,暗い気持ちの時でも「きっと良くなる」と信じる、心の光
8,IT,中,こんぴゆーたー,複雑な計算やデータの処理を、瞬時に行う電子頭脳装置
5,IT,中,ぷろぐらむ,コンピュータに「こう動いて」と指示を与えるための、命令の手順書
4,IT,中,ねつと,世界中と繋がる、情報の入り口。～サーフィン
5,IT,中,せきゆりてぃ,ウイルスやハッカーから大切な情報を守るための、デジタルの鍵
7,生活,中,ぼらんてぃあ,誰かのために、報酬を求めず自分の意志で進んでお手伝いすること
6,生活,中,りさいくる,ゴミとして捨てず、形を変えてもう一度資源として活用すること
4,生活,中,よか,仕事や勉強が終わった後の、自分の好きなことに使える自由な時間
5,生活,中,しゆうかん,毎日繰り返すうちに、意識しなくても体が勝手に覚える決まった行動
4,言葉,中,ごい,どれだけ多くの言葉を知っているか、その知識の豊かさのこと
3,言葉,中,いみ,その言葉が指し示している内容や、伝えようとしている中身
4,言葉,中,ひようげん,自分の心の中にあるものを、言葉や絵にして外へ表すこと
5,科学,中,えねるぎー,何かを動かしたり、温めたりするために必要な源となる力
3,科学,中,じき,Ｎ極とＳ極。磁石が鉄を引き寄せたり、反発したりする力
3,科学,中,ねつ,物が温まった時に感じるエネルギー。高いと火傷することもある
4,科学,中,でんき,スイッチを入れると明かりを灯し、機械を動かす見えないエネルギー
4,科学,中,じゆうりよく,リンゴが地面に落ちるように、地球が物を中心に引き寄せる力
4,数学,中,ひかく,二つ以上のものを並べて、どこが違うか、どちらが良いか比べること
4,思考,中,りかい,相手の言いたいことや、難しい問題の中身を正しく把握すること
4,思考,中,はつけん,まだ誰も知らなかったことや、新しい事実を見つけ出すこと
4,思考,中,じゆんび,本番で失敗しないように、前もって整えておくこと
4,思考,中,もくてき,何のためにそれをやるのか。自分が目指しているゴール
3,生活,中,たび,いつもの場所を離れて、見知らぬ土地を訪ね歩くこと
4,生活,中,おもいで,過ぎ去った日の楽しかった出来事。大切に心にしまっておく記憶
4,生活,中,なかま,同じ目的を持ち、苦しい時も楽しい時も一緒に過ごす大切な友人
5,生活,中,ゆうじよう,友達としての強い結びつき。互いを信頼し、助け合う気持ち
4,言葉,中,かいわ,二人以上の人で、言葉を交わしてコミュニケーションをとること
4,言葉,中,やくそく,「必ずこうする」と相手と誓うこと。指切りげんまんで守るもの
4,社会,中,ほうりつ,社会の秩序を守るために、国が決めた厳格なルール
4,社会,中,ぴようどう,人種や性別に関係なく、誰もが同じ権利を持ち、公平に扱われること
4,社会,中,そうぞう,これまでになかった、新しい価値や形を作り出すこと
4,科学,中,しんか,長い時間をかけて、生き物が環境に合わせて姿を変えていくこと
5,歴史,中,でんせつ,事実かどうかはわからないけれど、古くから語り継がれてきた英雄の物語
5,歴史,中,こうこがく,地面を掘り起こして土器や道具を見つけ、大昔の暮らしを研究する学問
3,自然,中,もり,たくさんの木々が生い茂り、鳥や昆虫がひっそりと暮らす場所
3,自然,中,しま,周りをぐるりと海や湖に囲まれた、ぽつんと浮かぶ陸地
3,自然,中,すな,岩が波や風で細かく砕けたもの。砂浜や砂漠を埋め尽くすもの
3,自然,中,そら,頭上に広がる青い空間。雲が浮かび、夜には星が輝く場所
5,科学,中,わくせい,太陽の周りを回る地球や火星などの大きな天体
4,科学,中,えいせい,地球の周りを回る月のように、惑星の周囲を回る天体
5,音楽,中,がつき,ピアノやバイオリンのように、美しい音色を出すための道具
4,音楽,中,がふ,音の高さや長さを記号で表した、演奏するための設計図
4,スポーツ,中,せんしゆ,競技に参加して、最高の記録や勝利を目指して戦う人
5,スポーツ,中,しあい,日頃の練習の成果を出し合い、ルールに則って勝敗を決めること
5,社会,中,しやくしよ,街の運営に必要な手続きや相談をする、地域の中心となるお役所
5,社会,中,びよういん,体の具合が悪い時に診てもらい、お薬や治療を受ける場所
3,社会,中,えき,電車やバスを待つ場所。人々が出会い、別れるターミナル
5,社会,中,ぎんこう,大切なお金を預けたり、送金したりする時に利用する場所
4,社会,中,かいしや,多くの人が協力して働き、商品やサービスを生み出す組織
3,社会,中,みせ,欲しいものを買ったり、サービスを受けたりできる場所
4,社会,中,まつり,神様への感謝や地域の絆を深めるため、屋台が出たり踊ったりする行事
6,哲学,高,そんざいかん,そこにいるだけで、周りに強い印象を与えるような独特の重みのこと
6,科学,高,けいじじよう,形のある物質を超えた、精神的・理論的な世界の法理のこと
7,歴史,高,しゆしがく,南宋の朱熹が大成した、儒教の新たな学説。江戸時代の幕政の基本となった
8,社会,高,こうせいじさく,国を治めて民を救うこと。経世済民の略語で、経済の語源
6,言葉,高,がろうてんせい,物事を完成させるための、最後の一押しの仕上げ。～を欠く
8,歴史,高,るねいさんす,14～16世紀、イタリアを中心に起こった「文芸復興」の大きなうねり
7,語彙,高,じようきよう,その場の雰囲気や状態を、まるで目の前で見ているかのようにありありと表現すること
6,科学,高,りようしりきがく,ミクロな粒子の不思議な振る舞いを研究する、最先端の物理学
8,芸術,高,いんぷれつしよん,瞬間の光の輝きを描き出す、モネやルノワールに代表される絵画の様式。印象派
6,思考,高,かくしんてき,古い習慣を打ち破り、これまでにない全く新しい方法を取り入れる様子
6,思考,高,かんねんてき,現実の経験よりも、頭の中の理屈や理想だけで物事を考えてしまう様子
4,歴史,高,いこう,建物が壊れたあとに残った、土台や石組みなどの歴史的な証拠
6,社会,高,しようけん,株券や債券など、財産上の権利を証明するための紙切れ（有価～）
6,算数,高,たいすう,かけ算を足し算に変換できる、ネイピアが考案した数学の便利な概念
8,地学,高,たいせいよう,アメリカ大陸と欧州・アフリカ大陸の間に広がる、クジラも泳ぐ巨大な海
10,歴史,高,じようもんじだい,土器に縄の模様をつけ、貝塚を作り定住を始めた一万年以上続く時代
6,言葉,高,せんさばんべつ,多種多様で、それぞれが全く異なっている様子。千差～
6,言葉,高,いしんでんしん,言葉に出さなくても、心と心で通じ合っていること
6,思考,高,とうてつ,物事の筋道がはっきりしており、曇りなく透き通った思考のこと
6,科学,高,こうでんこうか,アインシュタインが解明した、光を当てると金属から電子が飛び出す現象
8,社会,高,ぜいきん,国や地域の運営を支えるために、国民が能力に応じて支払う会費のようなお金
8,歴史,高,ふろうふし,秦の始皇帝が探し求めたと言われる、いつまでも若く、死ぬことがないこと
6,言葉,高,きじよう,困難な状況に直面しても、くじけず強く振る舞うこと。～な態度
6,算数,高,びせきぶん,変化する量を追いかける数学の道具。ニュートンらが発明した
6,思考,高,りんり,人としてどう生きるべきか、善悪の判断基準となる道徳的な理（ことわり）
6,芸術,高,びがく,美とは何かを追求する学問。また、その人独自のこだわりやスタイルのこと
6,社会,高,きようさんしゆぎ,富をみんなで平等に分け合い、階級のない社会を目指す思想
6,社会,高,しほんしゆぎ,自由な競争と市場の仕組みによって、経済を発展させようとする現在の主流の形
4,歴史,高,こふん,カギ穴のような形をした前方後円墳など、大昔の権力者の巨大なお墓
6,歴史,高,こじき,日本最古の歴史書。神話から推古天皇までの物語が綴られている
4,歴史,高,じだい,江戸や明治のように、統治者や文化によって区切られた長い時間の単位
5,言葉,高,ちてき,知性にあふれ、物事を深く考える力を持っている様子
6,科学,高,たいせい,生き物の体ができあがっている仕組み。または、その分類上の名称
6,科学,高,いでん,形質が親から子へと受け継がれる仕組み。メンデルの法則
4,言葉,高,じあい,見返りを求めず、すべてを包み込むような深く大きな慈しみの心
6,思考,高,てつがく,「自分とは何か」などの根源的な問いを、言葉の力だけで突き詰めていく学問
6,思考,高,かくしん,「これに間違いない」と強く信じ、疑わないこと
6,生活,高,かちかん,何を大切にし、何を美しいと思うか、個人が持つ判断の尺度
6,思考,高,どうさつ,表面的なことだけでなく、物事の本質や裏側まで鋭く見抜くこと
6,社会,高,けんり,法律によって保障されている、人が自由に行動し利益を得られる資格
6,社会,高,ぎむ,社会の一員として、必ず果たさなければならない責任や役割
6,科学,高,しんり,時代や場所が変わっても決して変わることのない、本当のこと。普遍の～
4,科学,高,せいそ,duplicate
10,科学,高,そうたいせきりろん,時間や空間が伸び縮みすることを予言した、物理学の革命的な理論
6,言葉,高,むがむちゆう,何かに深く没頭して、自分のことさえ忘れてしまう状態
6,社会,高,きふ,困っている人や公的な活動のために、自発的に金品を提供すること
6,語彙,高,にゆあんす,言葉の微妙な響きの違い。白か黒かでは割り切れない、繊細な色合い
6,思考,高,はんせい,自分の行いを振り返り、至らなかった点を見つめ直して次に活かすこと
6,科学,高,こうせん,光が進む道筋のこと。レンズを通ると屈折したり反射したりする
6,社会,高,こくさい,一つの国の中だけでなく、世界中の国々が関わり合っていること。～交流
6,社会,高,へいわ,戦争や暴力がなく、人々が安心して穏やかに暮らせている状態
6,歴史,高,きおく,過去の経験を脳に刻み込み、必要な時に思い出すことができる能力
6,思考,高,ぶんせき,複雑な物事を細かく分けて、原因や仕組みを論理的に解き明かすこと
6,思考,高,ろんり,考えの筋道。ＡならばＢ、といった、矛盾のない納得感のある流れ
6,歴史,高,いさん,duplicate
4,歴史,高,めいしん,科学的な根拠がないのに、盲目的に信じられている言い伝え。13日の金曜日など
4,思考,高,ぎわく,本当かどうか疑わしく、何か隠し事をしているのではないかと怪しむ心
6,言葉,高,すいきよう,風変わりなことを好んだり、世間に流されず自分の興味に没頭する様子
6,歴史,高,こてん,長い年月を経て、今なお高い価値を認められている文芸作品や芸術
6,芸術,高,けいしよう,duplicate
6,科学,高,げんり,物事が成り立つための根本的な法則。または、その基本的な仕組み
6,思考,高,かくめい,古い体制を根底から覆し、劇的な変化をもたらすこと。産業～
6,思考,高,しんねん,自分の考えが絶対に正しいと固く信じる心。～を貫く
4,社会,高,こうげん,嘘偽りなく、堂々と自分の意見を人前で述べること。～を吐く
6,社会,高,ぜんい,相手を思いやる、純粋で善良な心。～の第三者
6,科学,高,げんしよう,自然界で起こる、目に見える様々な出来事や変化のこと
6,科学,高,けつしよう,雪の結晶のように、原子や分子が規則正しく並んだ美しい形
8,科学,高,がいあ,地球全体を一匹の巨大な生き物のように捉える考え方（～理論）
8,社会,高,いんでつくす,経済の動きを示す指数。日経平均や物価～
10,社会,高,まさつ,物と物が擦れ合うこと。転じて、人間関係のギクシャクした状態
6,歴史,高,ふうぞく,その時代の生活様式や流行、慣習のこと。～画
6,歴史,高,ろんご,孔子と弟子たちの対話をまとめた、儒教の根本聖典
4,歴史,高,ぶし,弓矢や刀を持ち、忠誠を誓って戦った古の日本の戦士
6,歴史,高,へいけ,「祇園精舎の鐘の声…」と語られる、平清盛を中心とした一族の物語
6,歴史,高,げんじ,平氏を打ち破り、鎌倉幕府を開いた源頼朝らの一族。白旗が目印
6,歴史,高,せんごく,織田信長や武田信玄らが覇を競った、争いの絶えない動乱の時代
6,歴史,高,えどばくふ,徳川家康が開き、260年以上にわたる平和を築いた時代
6,歴史,高,しんせんぐみ,幕末の京都を守った、近藤勇や土方歳三ら率いる剣客集団。誠の旗
4,思考,高,こじつ,自分の行動を正当化するために、後からもっともらしい理由をつけること
6,社会,高,ろうどう,心身を使って働き、社会の富を生み出すこと。働く喜びと責任
4,言葉,高,しようしよう,はるか遠く、広々とした様子。～たる大海原
4,言葉,高,れんれん,未練が残って、思い切ることができない様子。～とした思い
6,科学,高,ふえん,一つの物事を、他の多くの事柄にも広げて当てはめること
6,思考,高,ききん,凶作などで食べ物が不足し、多くの人が飢えに苦しむ社会的な困難
4,思考,高,きせい,すでにある古いルールや考え方のこと。～概念の打破
6,歴史,高,じよじし,歴史的出来事や英雄の物語を、格調高い詩の形で綴ったもの。ホメロスの～
6,語彙,高,ひろう,自分が持っている能力や素晴らしい作品を、多くの人の前で披露すること
6,生活,高,ちたん,軽くて強くて錆びにくい、航空機や眼鏡、医療機器に使われるすごい金属
6,物理,高,こうしき,計算を解くための便利なルール。アインシュタインのE=mc^2など
6,思考,高,かくじん,一点の迷いもなく、確かな事実であると心から認めること
